Admin Tom Tom heeft een film toegevoegd met als naam: shrek, datum: 14-12-2023 en als tijd: 14:00.
Admin Tom Tom heeft de film: shrek verwijderd.
Admin Tom Tom heeft een film toegevoegd met als naam: my little pony, datum: 15-12-2023 en als tijd: 15:00.
Admin Tom Tom heeft een film toegevoegd met als naam: tom, datum: 15-12-2023 en als tijd: 15:00.
Admin Tom Tom heeft een film toegevoegd met als naam: ts, datum: 13-06-2023 en als tijd: 13:00.
Admin Tom Tom heeft een film toegevoegd met als naam: tom, datum: 15-12-2023 en als tijd: 15:00.
Admin Tom Tom heeft een film toegevoegd met als naam: natte haniel, datum: 12-12-1900, als tijd: 23:59 en als zaal: 3.
Admin Tom Tom heeft een film toegevoegd met als naam: test123, datum: 20-12-2003, tijd: 23:30 en in zaal: 2.
Admin Tom Tom heeft de film: test123 verwijderd.
Admin Tom Tom heeft een film toegevoegd met als naam: abcc, datum: 29-02-2024, tijd: 13:13 en in zaal: 1.
